code;text;exclusive;recode
ats_1;"""Auswahl und Thematisierung von Inhalten und Fachmethoden""";0;0
ats_1_1;"""Auswahl von bedeutungsvollen, dem Lernstand angemessenen Inhalten sowie Fachmethoden""";0;0
ats_1_1_1;"""Ich habe das Gefühl, unsere Lehrkraft wählt Unterrichtsinhalte sehr bewusst für uns aus. """;0;0
ats_1_1_2;"""Unsere Lehrkraft verwendet häufig das Schulbuch.""";1;0
ats_1_1_3;"""Unsere Lehrkraft bezieht auch zusätzliches Material ein (z. B. aus dem Internet, mitgebrachte Gegenstände). """;1;0
ats_1_1_4;"""Ich habe das Gefühl, dass das Vorgehen im Unterricht zum Inhalt passt.""";1;0
ats_1_1_5;"""Die Arbeitstechniken, die ich im Unterricht lerne, kann ich immer wieder anwenden.""";0;0
ats_1_2;"""Motivierung von Inhalten sowie Fachmethoden""";0;0
ats_1_2_1;"""Im Unterricht behandeln wir auch Aufgaben, die mit meinen Interessen oder Erfahrungen im Alltag zu tun haben.""";1;0
ats_1_2_2;"""Unsere Lehrkraft verwendet oft Beispiele aus dem täglichen Leben, um uns Inhalte zu erklären.""";0;0
ats_1_2_3;"""Unsere Lehrkraft zeigt häufig auf, wie nützlich bestimmte Inhalte im Alltag sein können.""";1;0
ats_1_2_4;"""Unsere Lehrkraft kann auch langweiligere Themen wirklich interessant machen.""";0;0
ats_1_2_5;"""Unsere Lehrkraft stellt oft Zusammenhänge mit den Inhalten anderer Fächer her. """;1;0
ats_1_3;"""Strukturierung der thematisierten Inhalte sowie Fachmethoden""";0;0
ats_1_3_1;"""Unsere Lehrkraft informiert uns, was wir in den nächsten Wochen im Unterricht durchnehmen.""";1;0
ats_1_3_2;"""Unsere Lehrkraft sagt uns am Anfang der Stunde, was sie mit uns lernen will.""";1;0
ats_1_3_3;"""Im Verlauf der Stunde wiederholt unsere Lehrkraft kurz Inhalte vergangener Stunden. """;1;0
ats_1_3_4;"""Am Ende der Stunde fassen wir die wichtigsten Inhalte und Ergebnisse zusammen. """;1;0
ats_1_3_5;"""Im Verlauf der Stunde hebt unsere Lehrkraft immer wieder hervor, was wichtig ist. """;1;0
ats_1_3_6;"""Unsere Lehrkraft drückt sich im Unterricht klar und verständlich aus. """;0;0
ats_1_3_7;"""Bei den Arbeitsaufträgen im Unterricht weiß ich immer genau, was ich tun soll. """;1;0
ats_1_3_8;"""Der Verlauf der Unterrichtsstunde ist für mich nachvollziehbar.""";1;0
ats_1_3_9;"""Unsere Lehrkraft erklärt uns, warum die besprochenen Inhalte für unser späteres Lernen wichtig sind.""";1;0
ats_1_3_10;"""Unsere Lehrkraft hebt die Beziehung zwischen den besprochenen Themen hervor. """;0;0
ats_1_3_11;"""Bei der Erarbeitung eines Themas gehen wir Schritt für Schritt vor. """;1;0
ats_1_3_12;"""Unsere Lehrkraft gibt anschauliche Beispiele, um den Stoff zu erklären.""";1;0
ats_1_4;"""Akkuratheit und Korrektheit der thematisierten Inhalte sowie Fachmethoden""";0;0
ats_1_4_1;"""Unsere Lehrkraft verwendet häufig Fachbegriffe.""";1;0
ats_1_4_2;"""Ich habe das Gefühl, dass unsere Lehrkraft manchmal selbst nicht genau weiß, was ein Begriff bedeutet.""";1;1
ats_1_4_3;"""Unsere Lehrkraft achtet darauf, dass wir Begriffe richtig verwenden. """;0;0
ats_1_4_4;"""Unsere Lehrkraft macht oft Fehler.""";1;1
ats_1_4_5;"""Wir weisen unsere Lehrkraft manchmal darauf hin, dass sie einen Fehler gemacht hat.""";1;1
ats_1_4_6;"""Unsere Lehrkraft entdeckt eigene Fehler selbst.""";1;0
ats_1_4_7;"""Ich habe das Gefühl, unsere Lehrkraft kennt ihr Fach in- und auswendig.""";0;0
ats_1_4_8;"""Unsere Lehrkraft wirkt bei manchen Themen nicht ganz sicher.""";1;1
koa_2;"""Kognitive Aktivierung""";0;0
koa_2_1;"""Auswahl fachlich gehaltvoller und auf das kognitive Niveau der Schüler*innen abgestimmter Aufgaben""";0;0
koa_2_1_1;"""Die Aufgaben im Unterricht sind mir häufig zu schwer.""";1;1
koa_2_1_2;"""Die Aufgaben im Unterricht sind mir häufig zu leicht.""";1;0
koa_2_1_3;"""Bei den Aufgaben im Unterricht muss ich stark nachdenken.""";0;1
koa_2_1_4;"""Im Unterricht komme ich inhaltlich oft nicht mit.""";1;1
koa_2_2;"""Einsatz fachlich gehaltvoller Aufgaben""";0;0
koa_2_2_1;"""Unsere Lehrkraft verwendet Aufgaben, die man auf unterschiedliche Weise lösen kann.""";0;0
koa_2_2_2;"""Unsere Lehrkraft stellt Aufgaben, bei denen ich meine Ergebnisse begründen muss. """;1;0
koa_2_2_3;"""Unsere Lehrkraft stellt Aufgaben, bei denen ich erst einmal überlegen muss, wie ich sie lösen kann.""";1;0
koa_2_2_4;"""Unsere Lehrkraft benutzt verschiedene Aufgaben, sodass man sieht, was man verstanden hat.""";0;0
koa_2_2_5;"""Wir bearbeiten oft Beispiele, aus denen wir selbst Regeln ableiten sollen. """;1;0
koa_2_3;"""Unterstützung der kognitiven Aktivität der Schüler*innen""";0;0
koa_2_3_1;"""Unsere Lehrkraft fragt bei Antworten oft noch weiter nach und möchte genaue Erklärungen haben.""";1;0
koa_2_3_2;"""Unsere Lehrkraft fordert uns oft auf, unsere Annahmen zu begründen.""";1;0
koa_2_3_3;"""Unsere Lehrkraft lässt uns genug Zeit, über unsere Antworten nachzudenken.""";1;0
koa_2_3_4;"""Unsere Lehrkraft lässt uns manchmal mit unseren eigenen Vermutungen in die Irre gehen, bis wir es selbst bemerken.""";1;0
koa_2_3_5;"""Im Unterricht nimmt unsere Lehrkraft manchmal auch falsche Antworten entgegen, bis wir selbst sehen, dass etwas nicht stimmt.""";1;0
koa_2_3_6;"""Unsere Lehrkraft ermuntert mich, eigene Lösungswege zu probieren.""";0;0
koa_2_3_7;"""Unsere Lehrkraft lässt manchmal unterschiedliche Lösungen von Aufgaben vergleichen und bewerten.""";0;0
koa_2_4;"""Einsatz fachlich gehaltvoller Aufgaben""";0;0
koa_2_4_1;"""Unsere Lehrkraft lässt uns häufiger unsere Gedankengänge genau erklären.""";0;0
koa_2_4_2;"""Unsere Lehrkraft zeigt uns, wie wir bei schwierigen Aufgaben Schritt für Schritt vorgehen können.""";1;0
koa_2_4_3;"""Unsere Lehrkraft zeigt uns, wie wir verschiedene Arten von Aufgaben am besten anpacken können.""";0;0
koa_2_4_4;"""Unsere Lehrkraft zeigt uns, wie wir erkennen können, was in Aufgaben wichtig ist.""";1;0
koa_2_4_5;"""Unsere Lehrkraft gibt uns Hinweise, wie wir besser lernen können.""";1;0
uub_3;"""Unterstützung des Übens""";0;0
uub_3_1;"""Unterstützung bei der Festigung von Lern- und Anwendungsprozessen""";0;0
uub_3_1_1;"""Die Übungsaufgaben finde ich langweilig, wenn ich den Lösungsweg einmal verstanden habe.""";0;1
uub_3_1_2;"""Wir üben und wiederholen das Gelernte so lange, bis ich es alleine anwenden kann.""";1;0
uub_3_1_3;"""Wenn wir etwas Neues lernen, nimmt sich unsere Lehrkraft Zeit, um es gut zu üben.""";0;0
uub_3_1_4;"""Wir üben so, dass wir das Gelernte in verschiedenen Situationen anwenden können.""";0;0
uub_3_1_5;"""Unsere Lehrkraft lässt sich von uns immer wieder mal erklären, wie wir bei einer Übung vorgegangen sind.""";1;0
uub_3_2;"""Konstruktiver Umgang mit Fehlern und Schwierigkeiten von Schüler*innen beim Üben""";0;0
uub_3_2_1;"""Wenn wir mal einen Fehler machen, ist das nichts Schlimmes.""";1;0
uub_3_2_2;"""Mit Fehlern geht unsere Lehrkraft so um, dass wir daraus etwas lernen können.""";0;0
uub_3_2_3;"""Unsere Lehrkraft achtet darauf, dass niemand ausgelacht wird, wenn ein Fehler gemacht wird. """;1;0
uub_3_2_4;"""Unsere Lehrkraft findet es wichtig, dass wir uns bei Übungen anstrengen, auch wenn nicht alles richtig ist.""";0;0
uub_3_2_5;"""Unsere Lehrkraft gibt mir die Möglichkeit, meine Antwort zu verbessern oder zu ergänzen, wenn sie unvollständig ist. """;1;0
uub_3_2_6;"""Wenn unsere Lehrkraft selbst einen Fehler macht, gibt sie es auch zu.""";1;0
fas_4;"""Formatives Assessment""";0;0
fas_4_1;"""Klare Ausrichtung der Beurteilung auf die zu erlernenden Kompetenzen""";0;0
fas_4_1_1;"""Unsere Lehrkraft erklärt uns im Voraus, wie Prüfungen bewertet werden.""";1;0
fas_4_1_2;"""Unsere Lehrkraft sagt uns im Voraus, was wir für eine gute Note können müssen.""";1;0
fas_4_1_3;"""Unsere Lehrkraft sagt uns im Voraus, was wir für eine gute Note wissen müssen.""";0;0
fas_4_2;"""Regelmäßige Überprüfung des Verständnisses der Schüler*innen""";0;0
fas_4_2_1;"""Unsere Lehrkraft gibt mir regelmäßig Rückmeldungen zu meinen Lernfortschritten.""";1;0
fas_4_2_2;"""Unsere Lehrkraft fragt uns regelmäßig, ob wir dem Unterricht folgen können. """;1;0
fas_4_2_3;"""Unsere Lehrkraft überprüft regelmäßig, ob wir ein Thema verstanden haben.""";0;0
fas_4_3;"""Qualitativ hochwertiges Feedback an die Schüler*innen""";0;0
fas_4_3_1;"""Die Rückmeldungen unserer Lehrkraft zeigen mir, wo ich mich noch verbessern kann.""";1;0
fas_4_3_2;"""Die Hinweise und Rückmeldungen unserer Lehrkraft empfinde ich als hilfreich.""";0;0
fas_4_3_3;"""Unsere Lehrkraft erklärt uns genau, warum eine Antwort nicht ganz korrekt ist.""";1;0
fas_4_3_4;"""Nach Fehlern erfahren wir nicht nur, dass etwas falsch ist, sondern auch warum. """;0;0
fas_4_3_5;"""Wenn ich mich besonders anstrenge, lobt mich unsere Lehrkraft meistens, auch wenn andere noch besser sind als ich.""";1;0
fas_4_3_6;"""Unsere Lehrkraft kommentiert meine Prüfungen so, dass ich weiß, was ich falsch gemacht habe.""";1;0
fas_4_4;"""Nutzung des Feedbacks als Grundlage für die Ausrichtung des weiteren Unterrichts""";0;0
fas_4_4_1;"""Unsere Lehrkraft versucht, unsere Rückmeldung im Unterricht umzusetzen.""";1;0
fas_4_4_2;"""Unsere Lehrkraft fragt uns, was sie im Unterricht besser machen kann.""";1;0
fas_4_4_3;"""Wenn ich etwas nicht verstanden habe, nutzt unsere Lehrkraft das für den weiteren Unterricht.""";1;0
fas_4_4_4;"""Wenn unsere Lehrkraft bemerkt, dass wir etwas gar nicht können, geht sie noch einmal genauer darauf ein.""";0;0
uls_5;"""Unterstützung des Lernens aller Schüler*innen""";0;0
uls_5_1;"""Bereitstellung eines Lernumfelds, das produktives Verhalten fördert""";0;0
uls_5_1_1;"""Unsere Lehrkraft nimmt unsere Vorschläge und Ideen in den Unterricht auf.""";0;0
uls_5_1_2;"""Wir bearbeiten im Unterricht immer wieder mal ein Thema, das wir uns selbst aussuchen dürfen.""";1;0
uls_5_1_3;"""Unsere Lehrkraft gibt mir die Möglichkeit, Aufgaben auf meine eigene Art zu erledigen.""";1;0
uls_5_1_4;"""Im Unterricht lerne ich, selbstständig zu arbeiten.""";0;0
uls_5_1_5;"""Unsere Lehrkraft erklärt im Voraus, was sie von uns erwartet.""";1;0
uls_5_2;"""Differenzierung und Adaptivität""";0;0
uls_5_2_1;"""Unsere Lehrkraft nimmt sich Zeit, um mir Dinge, die ich nicht verstanden habe, noch einmal zu erklären.""";1;0
uls_5_2_2;"""Wenn ich im Unterricht eine Aufgabe schneller erledigt habe, kann ich gleich die nächste bearbeiten.""";1;0
uls_5_2_3;"""Unsere Lehrkraft stellt uns unterschiedlich schwere Fragen, je nachdem wie gut wir sind.""";1;0
uls_5_2_4;"""Unsere Lehrkraft weiß, bei welchen Aufgaben ich Schwierigkeiten habe.""";0;0
uls_5_2_5;"""Wenn ich etwas nicht verstehe, bekomme ich Tipps von unserer Lehrkraft, die mir wirklich weiterhelfen.""";0;0
uls_5_2_6;"""Ich kann aus unterschiedlich schweren Aufgaben auswählen und verschiedene Hilfen nutzen.""";1;0
uls_5_3;"""Förderung der aktiven Mitwirkung von allen Schüler*innen""";0;0
uls_5_3_1;"""Unsere Lehrkraft schafft es, dass möglichst viele im Unterricht mitmachen.""";0;0
uls_5_3_2;"""Unsere Lehrkraft achtet darauf, dass möglichst viele am Unterrichtsgespräch teilnehmen. """;1;0
uls_5_3_3;"""Unsere Lehrkraft ermutigt mich, meine eigene Meinung zu sagen.""";1;0
uls_5_3_4;"""Ich werde auch aufgerufen, wenn ich mich nicht melde.""";1;0
seu_6;"""Sozio-emotionale Unterstützung""";0;0
seu_6_1;"""Beziehung zwischen Lehrperson und Schüler*innen""";0;0
seu_6_1_1;"""Unsere Lehrkraft nimmt sich Zeit, wenn ich etwas mit ihr besprechen möchte.""";0;0
seu_6_1_2;"""Ich habe das Gefühl, ich werde von unserer Lehrkraft ernst genommen.""";1;0
seu_6_1_3;"""Bei unserer Lehrkraft habe ich Angst, mich im Unterricht zu melden.""";1;1
seu_6_1_4;"""Mit meinen Beiträgen geht unsere Lehrkraft wertschätzend um.""";0;0
seu_6_1_5;"""Unsere Lehrkraft zeigt Verständnis, wenn es einem von uns einmal schlecht geht.""";1;0
seu_6_1_6;"""Unsere Lehrkraft hat Humor. """;1;0
seu_6_1_7;"""Unsere Lehrkraft lobt mich, wenn ich mir Mühe gebe.""";1;0
seu_6_1_8;"""Unsere Lehrkraft ist auch dann geduldig, wenn sie die Dinge mehrmals erklären muss.""";1;0
seu_6_2;"""Beziehung der Schüler*innen untereinander""";0;0
seu_6_2_1;"""Bei uns ist es selbstverständlich, dass wir uns gegenseitig helfen. """;0;0
seu_6_2_2;"""Wenn ich Schwierigkeiten habe, kann ich mich auf andere in der Klasse verlassen. """;1;0
seu_6_2_3;"""Im Unterricht wird man leicht ausgeschlossen, wenn man nicht tut, was die Klasse für richtig hält.""";1;1
seu_6_2_4;"""Ich fühle mich in meiner Klasse wohl.""";1;0
seu_6_2_5;"""Im Unterricht ist keiner von der Klassengemeinschaft ausgeschlossen.""";0;0
seu_6_2_6;"""Im Unterricht versucht jeder, besser zu sein als der andere.""";1;1
klf_7;"""Klassenführung""";0;0
klf_7_1;"""Verhaltensmanagement""";0;0
klf_7_1_1;"""Die Verhaltensregeln, die wir im Unterricht einhalten müssen, sind mir bekannt.""";1;0
klf_7_1_2;"""Unsere Lehrkraft hat uns klar gemacht, was passiert, wenn wir die Verhaltensregeln verletzen. """;1;0
klf_7_1_3;"""Unsere Lehrkraft hat die Klasse im Griff. """;0;0
klf_7_1_4;"""Oft ist es im Unterricht laut und alles geht durcheinander.""";1;1
klf_7_1_5;"""Unsere Lehrkraft weiß immer genau, was während des Unterrichts in der Klasse vor sich geht. """;1;0
klf_7_1_6;"""Unsere Lehrkraft achtet sehr darauf, dass wir aufpassen.""";1;0
klf_7_1_7;"""Mir ist klar, was ich tun soll, wenn ich mit einer Aufgabe mal früher fertig bin.""";1;0
klf_7_1_8;"""Unsere Lehrkraft muss lange warten, bis wir alle ruhig werden.""";1;1
klf_7_1_9;"""Unsere Lehrkraft achtet darauf, dass der Unterricht wenig gestört wird.""";0;0
klf_7_2;"""Zeitmanagement""";0;0
klf_7_2_1;"""Unser Unterricht beginnt meist pünktlich.""";1;0
klf_7_2_2;"""Zu Beginn der Stunde dauert es meist sehr lange, bis wir alle ruhig werden und zu arbeiten bereit sind.""";1;1
klf_7_2_3;"""Material oder Geräte (z. B. Arbeitsblätter, Schulbücher, Beamer) sind gleich verfügbar und einsatzbereit.""";0;0
klf_7_2_4;"""Unsere Lehrkraft unterrichtet so, dass wir stets beschäftigt sind und wenig Zeit verloren geht.""";0;0
klf_7_2_5;"""Bei unserer Lehrkraft wird im Unterricht viel Zeit vertrödelt.""";1;1
klf_7_2_6;Wenn wir uns z. B. für eine Gruppenarbeit umsetzen, wissen wir genau, wie wir vorzugehen haben, ohne dass unsere Lehrkraft viel sagen muss.;1;0
klf_7_2_7;"""Unsere Lehrkraft nimmt so viele Inhalte durch, dass ich gar nicht alles aufnehmen kann.""";1;1
klf_7_2_8;"""Der Unterricht geht oft so schnell voran, dass ich Schwierigkeiten habe, mitzukommen.""";1;1
klf_7_2_9;"""Häufig sitze ich im Unterricht einfach nur da, ohne dass irgendetwas vorangeht.""";1;1
aes-de_8;"""Ästhetik Deutsch""";0;0
aes-de_8_1;"""ästhetisch-emotionales Er- und Vorleben""";0;0
aes-de_8_1_1;"""Ich spüre manchmal, wie begeistert unsere Lehrkraft ist, wenn sie mit uns über literarische Texte spricht.""";0;0
aes-de_8_1_2;"""Im Unterricht bin ich manchmal so in das Stundenthema vertieft, dass die Stunde viel schneller als sonst vergeht.""";1;0
aes-de_8_1_3;"""Unsere Lehrkraft schildert, welche Gefühle ein literarischer Text in ihr ausgelöst hat.""";1;0
aes-de_8_2;"""Freiräume für ästhetisch-emotionale Erfahrungen""";0;0
aes-de_8_2_1;"""Unsere Lehrkraft stellt uns im Unterricht literarische Texte vor, die angenehme oder unangenehme Gefühle in mir auslösen.""";1;0
aes-de_8_2_2;"""Unsere Lehrkraft gibt mir genug Zeit, mich mit literarischen Texten zu beschäftigen, die mich irgendwie beeindrucken.""";1;0
aes-de_8_2_3;"""Unsere Lehrkraft schafft eine angenehme Atmosphäre, so dass ich mich traue, auch über meine eigenen Eindrücke zu einem literarischen Text zu sprechen.""";0;0
aes-de_8_2_4;"""Unsere Lehrkraft ist an unseren eigenen Eindrücken zu literarischen Texten ernsthaft interessiert.""";1;0
aes-de_8_3;"""Schaffung ästhetischer Handlungsanlässe""";0;0
aes-de_8_3_1;"""Im Unterricht stellt uns unsere Lehrkraft Fragen zu unseren eigenen Eindrücken und Empfindungen bei einem bestimmten Thema.""";1;0
aes-de_8_3_2;"""Ich finde, unsere Lehrkraft achtet meine literarischen Vorlieben.""";0;0
aes-de_8_3_3;"""Unsere Lehrkraft ermuntert uns, über unsere Empfindungen bei bestimmten Stundenthemen zu sprechen.""";1;0
aes-de_8_3_4;"""Unsere Lehrkraft fördert unseren kreativen Umgang mit Themen des Unterrichts.""";0;0
aes-de_8_3_5;"""Im Unterricht können wir eigene Texte erfinden und schreiben.""";1;0
aes-de_8_3_6;"""Unsere Lehrkraft lässt uns Themen der Unterrichtsstunde manchmal eigenständig weiterentwickeln.""";1;0
aes-de_8_3_7;"""Im Unterricht kann ich auch darüber sprechen, dass ein literarischer Text bei mir bestimmte Gefühle auslöst.""";1;0
aes-de_8_4;"""Veränderungen infolge ästhetischer Erfahrung""";0;0
aes-de_8_4_1;"""Ein literarischer Text hat mich im Unterricht so beeindruckt, dass ich mich nun auch in meiner Freizeit gerne damit beschäftige.""";1;0
aes-de_8_4_2;"""Über bestimmte Themen empfinde ich anders, nachdem wir im Unterricht darüber gesprochen haben.""";0;0
aes-de_8_4_3;"""Bei bestimmten Beispielen im Literaturunterricht verstehe ich nicht, wie diese jemandem gefallen können.""";1;0
aes-de_8_4_4;"""Seitdem wir im Unterricht über einen literarischen Text gesprochen haben, verbinde ich damit ein bestimmtes Gefühl.""";1;0
aes-de_8_4_5;"""Unsere Lehrkraft behandelt im Unterricht manchmal Themen mit uns, die mich über mich selbst nachdenken lassen.""";1;0
aes-de_8_5;"""Bewusstsein für Beeinflussung und Gefahren ästhetischer Erfahrung""";0;0
aes-de_8_5_1;"""Ich habe das Gefühl, unsere Lehrkraft möchte, dass ich dasselbe denke oder dasselbe gut finde wie sie.""";0;1
aes-de_8_5_2;"""Ich habe das Gefühl, dass ich bei einem bestimmten Unterrichtsthema etwas fühlen soll, was ich aber gar nicht tue.""";1;1
aes-de_8_5_3;"""Im Unterricht dürfen wir alle unsere freie Meinung äußern, aufgeschrieben wird aber diejenige unserer Lehrkraft.""";1;1
aes-de_8_5_4;"""Ich habe das Gefühl, dass unsere Lehrkraft mir ihre Vorlieben in Deutsch aufzwingen möchte.""";1;1
fps-de_9;"""fachspezifische Items Deutsch""";0;0
fps-de_9_1;"""Fremdheitserfahrung""";0;0
fps-de_9_1_1;"""Im Unterricht lerne ich fremde Lebenswelten kennen.""";1;0
fps-de_9_1_2;"""Der Unterricht eröffnet mir oftmals eine neue Sicht auf (bekannte) Dinge. """;0;0
fps-de_9_1_3;"""Im Unterricht gibt es häufig Gelegenheiten, den Blickwinkel anderer Personen einzunehmen.""";1;0
fps-de_9_1_4;"""Unsere Lehrkraft ermutigt uns, selbstständig Gemeinsamkeiten und Unterschiede zwischen unserer und fremden Lebenswelten zu finden. """;1;0
fps-de_9_2;"""Gendersensibler Unterricht""";0;0
fps-de_9_2_1;"""Ich habe das Gefühl, dass unsere Lehrkraft Mädchen in Deutsch mehr zutraut.""";1;1
fps-de_9_2_2;"""Unsere Lehrkraft vermittelt mir den Eindruck, dass jeder in Deutsch gut sein kann. """;0;0
fps-de_9_2_3;"""Ich habe das Gefühl, unsere Lehrkraft ist davon überzeugt, dass Leistungen in Deutsch nicht vom Geschlecht abhängen.""";0;0
fps-de_9_2_4;"""Unsere Lehrkraft fördert Jungen im Unterricht besonders.""";1;1
fps-de_9_2_5;"""Unsere Lehrkraft fördert Mädchen im Unterricht besonders.""";1;1
fps-de_9_2_6;"""Unsere Lehrkraft vermittelt mir den Eindruck, dass Mädchen Deutsch einfach besser können als Jungen.""";1;1
fps-de_9_3;"""Rückmeldung hinsichtlich Tiefenstrukturen""";0;0
fps-de_9_3_1;"""Unsere Lehrkraft gibt mir in meinen Texten vor allem Rückmeldung auf Rechtschreibung und Grammatik.""";1;1
fps-de_9_3_2;"""Die Rückmeldungen unserer Lehrkraft helfen mir dabei, Aufbau und Inhalt meiner Texte zu verbessern.""";0;0
fps-de_9_3_3;"""Ich erhalte regelmäßig Rückmeldung auf Texte, die ich schreibe.""";1;0
fps-de_9_3_4;"""Die Korrekturen unserer Lehrkraft enthalten hilfreiche Tipps, wie ich meinen Text verbessern kann.""";0;0
fps-de_9_3_5;"""Bei Rückmeldungen benennt unsere Lehrkraft genau die Stärken und Schwächen meiner Texte.""";1;0
fps-de_9_4;"""Berücksichtigung eines erweiterten Textbegriffs""";0;0
fps-de_9_4_1;"""Wir beschäftigen uns mit Texten, die nicht gedruckt vorliegen (z. B. digitale Nachrichten, Filmausschnitte, Hörspiele).""";1;0
fps-de_9_4_2;"""Unsere Lehrkraft gibt uns gelegentlich die Aufgabe, selbstständig Audioaufnahmen, Videoclips oder Ähnliches zu erstellen.""";1;0
fps-de_9_4_3;"""Unsere Lehrkraft schafft immer wieder Gelegenheiten, Gestaltung und Merkmale von digitalen Texten (z. B. Kurznachrichten, Werbung) zu untersuchen.""";0;0
fps-de_9_4_4;"""Unsere Lehrkraft fordert uns auf, immer wieder kritisch über Absichten und Wirkungen von digitalen Texten (z. B. Fake News, Werbung) nachzudenken.""";0;0
fps-de_9_5;"""vielfältige Produktionsgelegenheiten""";0;0
fps-de_9_5_1;"""Wir erhalten regelmäßig Gelegenheiten, selbstständig Texte zu schreiben.""";0;0
fps-de_9_5_2;"""Wir trainieren jede Aufsatzart durch das Schreiben unterschiedlicher Texte.""";1;0
fps-de_9_5_3;"""Bei jeder Aufsatzart üben wir bestimmte Teile eines Textes durch unterschiedliche Aufgaben besonders.""";1;0
fps-de_9_5_4;"""Wir erhalten immer wieder die Möglichkeit, unsere Texte zu überarbeiten und zu verbessern.""";1;0
fps-de_9_6;"""Vortragen und Debattieren""";0;0
fps-de_9_6_1;"""Unsere Lehrkraft gibt mir immer wieder Hinweise, wie ich üben kann, bei einem Vortrag vor der Klasse frei zu sprechen.""";1;0
fps-de_9_6_2;"""Unsere Lehrkraft zeigt mir regelmäßig, wie ich bei Vorträgen Medien sinnvoll einsetzen kann.""";1;0
fps-de_9_6_3;"""Unsere Lehrkraft schafft Gesprächsanlässe, bei denen ich üben kann, meine eigene Position zu vertreten.""";0;0
fps-de_9_6_4;"""Unsere Lehrkraft gibt Tipps und macht vor, wie ich in Gesprächen Argumente eines anderen aufgreifen kann.""";1;0
fps-de_9_7;"""Strategieeinsatz beim Textverständnis und Schreiben""";0;0
fps-de_9_7_1;"""Unsere Lehrkraft übt mit uns, wie wir die sprachliche Vielschichtigkeit z. B. von Gedichten entschlüsseln können.""";1;0
fps-de_9_7_2;"""Unsere Lehrkraft hilft uns, auch schwierige Texte zu verstehen, indem sie uns mit passenden Hilfestellungen und Tipps durch den Text führt.""";1;0
fps-de_9_7_3;"""Unsere Lehrkraft zeigt uns immer wieder, welche Techniken wir einsetzen können, um schwierige Texte besser zu verstehen.""";1;0
fps-de_9_7_4;"""Unsere Lehrkraft übt regelmäßig mit uns, wie wir Zusatzmaterial für das Schreiben von Texten gewinnbringend nutzen können. """;1;0
fps-de_9_7_5;"""Das Zusatzmaterial, das uns unsere Lehrkraft bereitstellt, können wir für das Schreiben von Texten gut einsetzen.""";1;0
aes-en_8;"""Ästhetik Englisch""";0;0
aes-en_8_1;"""Ästhetisch-emotionales Er- und Vorleben""";0;0
aes-en_8_1_1;"""Ich spüre manchmal, wie begeistert unsere Lehrkraft ist, wenn sie mit uns über englischsprachige Texte und Medien (z. B. Videos oder Hörbeispiele) spricht.""";0;0
aes-en_8_1_2;"""Im Unterricht bin ich manchmal so in das Stundenthema vertieft, dass die Stunde viel schneller als sonst vergeht.""";1;0
aes-en_8_1_3;"""Unsere Lehrkraft schildert, welche Gefühle englischsprachige Texte und Medien (z. B. Videos oder Hörbeispiele) in ihr ausgelöst haben.""";1;0
aes-en_8_2;"""Freiräume für ästhetisch-emotionale Erfahrungen""";0;0
aes-en_8_2_1;"""Unsere Lehrkraft stellt uns im Unterricht englischsprachige Texte und Medien (z. B. Videos oder Hörbeispiele) vor, die angenehme oder unangenehme Gefühle in mir auslösen.""";1;0
aes-en_8_2_2;"""Unsere Lehrkraft gibt mir genug Zeit, mich mit englischsprachigen Texten und Medien (z. B. Videos oder Hörbeispielen) zu beschäftigen, die mich irgendwie beeindrucken.""";1;0
aes-en_8_2_3;"""Unsere Lehrkraft schafft eine angenehme Atmosphäre, so dass ich mich traue, auch über meine eigenen Eindrücke zu englischsprachigen Texten und Medien (z. B. Videos oder Hörbeispielen) zu sprechen.""";0;0
aes-en_8_2_4;"""Unsere Lehrkraft ist an unseren eigenen Eindrücken zu englischsprachigen Texten und Medien (z. B. Videos oder Hörbeispielen) ernsthaft interessiert.""";1;0
aes-en_8_3;"""Schaffung ästhetischer Handlungsanlässe""";0;0
aes-en_8_3_1;"""Im Unterricht stellt uns unsere Lehrkraft Fragen zu unseren eigenen Eindrücken und Empfindungen bei einem bestimmten Thema.""";1;0
aes-en_8_3_2;"""Ich finde, unsere Lehrkraft achtet meine literarischen Vorlieben.""";0;0
aes-en_8_3_3;"""Unsere Lehrkraft ermuntert uns, über unsere Empfindungen bei bestimmten Stundenthemen zu sprechen.""";1;0
aes-en_8_3_4;"""Unsere Lehrkraft fördert unseren kreativen Umgang mit Themen des Unterrichts.""";0;0
aes-en_8_3_5;"""Im Unterricht können wir eigene englischsprachige Texte erfinden und schreiben.""";1;0
aes-en_8_3_6;"""Unsere Lehrkraft lässt uns Themen der Unterrichtsstunde manchmal eigenständig weiterentwickeln.""";1;0
aes-en_8_3_7;"""Im Unterricht kann ich auch darüber sprechen, dass englischsprachige Texte und Medien (z. B. Videos oder Hörbeispiele) bei mir bestimmte Gefühle auslösen.""";1;0
aes-en_8_4;"""Veränderungen infolge ästhetischer Erfahrung""";0;0
aes-en_8_4_1;"""Englischsprachige Texte und Medien (z. B. Videos oder Hörbeispiele) haben mich im Unterricht so beeindruckt, dass ich mich nun auch in meiner Freizeit gerne damit beschäftige.""";1;0
aes-en_8_4_2;"""Über bestimmte Themen empfinde ich anders, nachdem wir im Unterricht darüber gesprochen haben.""";0;0
aes-en_8_4_3;"""Bei bestimmten Beispielen im Unterricht verstehe ich nicht, wie diese jemandem gefallen können.""";1;0
aes-en_8_4_4;"""Seitdem wir im Unterricht über englischsprachige Texte und Medien (z. B. Videos oder Hörbeispiele) gesprochen haben, verbinde ich damit ein bestimmtes Gefühl.""";1;0
aes-en_8_4_5;"""Unsere Lehrkraft behandelt im Unterricht manchmal Themen mit uns, die mich über mich selbst nachdenken lassen.""";1;0
aes-en_8_5;"""Bewusstsein für Beeinflussung und Gefahren ästhetischer Erfahrung""";0;0
aes-en_8_5_1;"""Ich habe das Gefühl, unsere Lehrkraft möchte, dass ich dasselbe denke oder dasselbe gut finde wie sie.""";0;1
aes-en_8_5_2;"""Ich habe das Gefühl, dass ich bei einem bestimmten Unterrichtsthema etwas fühlen soll, was ich aber gar nicht tue.""";1;1
aes-en_8_5_3;"""Im Unterricht dürfen wir alle unsere freie Meinung äußern, aufgeschrieben wird aber diejenige unserer Lehrkraft.""";1;1
aes-en_8_5_4;"""Ich habe das Gefühl, dass unsere Lehrkraft mir ihre Vorlieben in Englisch aufzwingen möchte.""";1;1
fps-en_9;"""fachspezifische Items Englisch""";0;0
fps-en_9_1;"""Fremdheitserfahrung""";0;0
fps-en_9_1_1;"""Im Unterricht lerne ich fremde Lebenswelten kennen.""";1;0
fps-en_9_1_2;"""Der Unterricht eröffnet mir oftmals eine neue Sicht auf (bekannte) Dinge.""";0;0
fps-en_9_1_3;"""Im Unterricht gibt es häufig Gelegenheiten, den Blickwinkel anderer Personen einzunehmen.""";1;0
fps-en_9_1_4;"""Unsere Lehrkraft ermutigt uns, selbstständig Gemeinsamkeiten und Unterschiede zwischen unserer und fremden Lebenswelten zu finden.""";1;0
fps-en_9_2;"""Kommunikation der Lehrkraft in sprachlich und fachlich korrektem und/aber dem Lernstand angepasstem Englisch""";0;0
fps-en_9_2_1;"""Ich kann unserer Lehrkraft gut folgen, wenn sie im Unterricht Englisch spricht.""";1;0
fps-en_9_2_2;"""Unsere Lehrkraft drückt sich im Unterricht klar und verständlich auf Englisch aus.""";1;0
fps-en_9_2_3;"""Unsere Lehrkraft verwendet selten englische Begriffe, die ich nicht kenne."" ";1;0
fps-en_9_2_4;"""Unsere Lehrkraft formuliert ihre Sätze auf Englisch um, wenn sie merkt, dass wir sie nicht verstehen.""";0;0
fps-en_9_2_5;"""Unsere Lehrkraft muss nicht lange überlegen, wenn sie etwas auf Englisch sagt. """;1;0
fps-en_9_2_6;"""Unserer Lehrkraft fallen in der Regel englische Wörter sehr schnell ein.""";1;0
fps-en_9_2_7;"""Unsere Lehrkraft spricht sehr flüssig auf Englisch. """;0;0
fps-en_9_2_8;"""Unsere Lehrkraft hat eine sehr gute englische Aussprache. """;0;0
fps-en_9_3;"""Unterstützung der kognitiven Aktivität der Schüler*innen (Scaffolding)""";0;0
fps-en_9_3_1;"""Unsere Lehrkraft lässt mir genügend Zeit, auf Englisch zu antworten.""";0;0
fps-en_9_3_2;"""Wenn man einen Fehler auf Englisch macht, fragt unsere Lehrkraft manchmal die anderen, wie es richtig heißt. """;1;0
fps-en_9_3_3;"""Wenn man ein Wort auf Englisch nicht weiß, fragt unsere Lehrkraft manchmal die anderen, ob sie es wissen. """;1;0
fps-en_9_3_4;"""Für verschiedene Textsorten stellt unsere Lehrkraft hilfreiche Textbausteine und Formulierungen bereit. """;0;0
fps-en_9_3_5;"""Unsere Lehrkraft bereitet uns mit Redewendungen und Formulierungen auf Gesprächssituationen vor.""";1;0
fps-en_9_4;"""Schaffung und Nutzung interdisziplinärer Bezüge zwischen (schulischen) Fremdsprachen als Lerngelegenheiten """;0;0
fps-en_9_4_1;"""Unsere Lehrkraft vergleicht manchmal die englische Grammatik mit der Grammatik, die wir schon aus anderen (Fremd-)Sprachen kennen.""";1;0
fps-en_9_4_2;"""Der Unterricht hilft mir, die deutsche Sprache besser zu verstehen.""";1;0
fps-en_9_4_3;"""Unsere Lehrkraft vergleicht manchmal neue englische Vokabeln mit Vokabeln, die wir schon aus anderen (Fremd-)Sprachen kennen.""";0;0
fps-en_9_5;"""Schaffung hoher Sprechanteile""";0;0
fps-en_9_5_1;"""Unserer Lehrkraft ist es wichtig, dass wir im Unterricht viel Englisch sprechen.""";1;0
fps-en_9_5_2;"""Im Unterricht schafft unsere Lehrkraft viele Gelegenheiten, damit ich mich auf Englisch äußern kann.""";0;0
fps-en_9_5_3;"""Unsere Lehrkraft fordert uns auf, im Unterricht auf Englisch zu antworten.""";1;0
fps-en_9_5_4;"""Im Unterricht sprechen wir in der Regel Englisch.""";1;0
fps-en_9_5_5;"""Wenn ich ein englisches Wort falsch ausspreche, werde ich in der Klasse nicht ausgelacht.""";1;0
fps-en_9_5_6;"""Ich traue mich, im Unterricht auf Englisch zu antworten, auch wenn ich mir manchmal unsicher bin.""";0;0
aes-re_8;"""Ästhetik Evangelische Religion""";0;0
aes-re_8_1;"""Ästhetisch-emotionales Er- und Vorleben""";0;0
aes-re_8_1_1;"""Ich spüre manchmal, wie begeistert unsere Lehrkraft ist, wenn sie mit uns über Religion oder religiöse Texte spricht.""";0;0
aes-re_8_1_2;"""Im Unterricht bin ich manchmal so in das Stundenthema vertieft, dass die Stunde viel schneller als sonst vergeht. """;1;0
aes-re_8_1_3;"""Unsere Lehrkraft schildert gelegentlich, welche Gefühle ihre eigene Beschäftigung mit Religion in ihr ausgelöst haben.""";1;0
aes-re_8_2;"""Freiräume für ästhetisch-emotionale Erfahrungen""";0;0
aes-re_8_2_1;"""Unsere Lehrkraft stellt uns im Unterricht biblische oder andere religiöse Texte vor, die angenehme oder unangenehme Gefühle in mir auslösen.""";1;0
aes-re_8_2_2;"""Unsere Lehrkraft gibt mir genug Zeit, mich mit religiösen Texten und Themen zu beschäftigen, die mich irgendwie beeindrucken.""";1;0
aes-re_8_2_3;"""Unsere Lehrkraft schafft eine angenehme Atmosphäre, so dass ich mich traue, auch über meine eigenen Eindrücke zu religiösen Texte, Inhalten und Themen zu sprechen.""";0;0
aes-re_8_2_4;"""Unsere Lehrkraft ist an unseren eigenen Eindrücken zu religiösen Texten, Themen und Inhalten ernsthaft interessiert.""";1;0
aes-re_8_3;"""Schaffung ästhetischer Handlungsanlässe""";0;0
aes-re_8_3_1;"""Im Unterricht stellt uns unsere Lehrkraft Fragen zu unseren eigenen Eindrücken und Empfindungen bei einem bestimmten Thema.""";1;0
aes-re_8_3_2;"""Unsere Lehrkraft ermuntert uns, über unsere Empfindungen bei bestimmten Stundenthemen zu sprechen.""";1;0
aes-re_8_3_3;"""Unsere Lehrkraft fördert unseren kreativen Umgang mit Themen des Unterrichts.""";0;0
aes-re_8_3_4;"""Im Unterricht können wir manchmal eigene religiöse Texte, wie Gebete, Meditationstexte usw. erfinden.""";1;0
aes-re_8_3_5;"""Unsere Lehrkraft lässt uns Themen der Unterrichtsstunde manchmal eigenständig weiterentwickeln.""";1;0
aes-re_8_3_6;"""Im Unterricht kann ich auch darüber sprechen, dass religiöse Texte, Themen und Handlungen bei mir bestimmte Gefühle auslösen.""";1;0
aes-re_8_4;"""Veränderungen infolge ästhetischer Erfahrung""";0;0
aes-re_8_4_1;"""Einige biblische oder religiöse Texte haben mich im Unterricht so beeindruckt, dass ich mich nun auch in meiner Freizeit gerne mehr mit Religion oder dem chistlichen Glauben beschäftigen möchte.""";1;0
aes-re_8_4_2;"""Über bestimmte Themen (z. B. Gottesbilder, Stellung der Frau, Homosexualität oder ähnliches) empfinde ich anders, nachdem wir im Unterricht darüber gesprochen haben.""";0;0
aes-re_8_4_3;"""Seitdem wir im Unterricht über gewisse biblische/religiöse Texte, oder religiöse Themen  gesprochen haben, verbinde ich damit ein bestimmtes Gefühl.""";1;0
aes-re_8_4_4;"""Unsere Lehrkraft behandelt im Unterricht manchmal Themen mit uns, die mich über mich selbst nachdenken lassen.""";1;0
aes-re_8_5;"""Bewusstsein für Beeinflussung und Gefahren ästhetischer Erfahrung""";0;0
aes-re_8_5_1;"""Ich habe das Gefühl, unsere Lehrkraft möchte, dass ich dasselbe denke oder dasselbe gut finde wie sie.""";0;1
aes-re_8_5_2;"""Ich habe das Gefühl, dass ich bei einem bestimmten Unterrichtsthema etwas fühlen soll, was ich aber gar nicht tue.""";1;1
aes-re_8_5_3;"""Im Unterricht dürfen wir alle unsere freie Meinung äußern, aufgeschrieben wird aber diejenige unserer Lehrkraft.""";1;1
aes-re_8_5_4;"""Ich habe das Gefühl, dass unsere Lehrkraft mir ihre Vorlieben bei der Beschäftigung mit religiösen Themen und Inhalten aufzwingen möchte.""";1;1
fps-re_9;"""fachspezifische Items Evangelische Religion""";0;0
fps-re_9_1;"""Authentizität""";0;0
fps-re_9_1_1;"""Unsere Lehrkraft sagt ehrlich, wenn sie nicht auf alle Fragen fertige Antworten hat. """;1;0
fps-re_9_1_2;"""Ich glaube meiner Lehrkraft, was sie sagt. """;1;0
fps-re_9_1_3;"""Unsere Lehrkraft steht hinter dem, was sie im Religionsunterricht sagt. """;0;0
fps-re_9_2;"""Dialogorientierung""";0;0
fps-re_9_2_1;"""In unserem Religionsunterricht wird normalerweise jede Meinung erst einmal angehört. """;1;0
fps-re_9_2_2;"""Unserer Lehrkraft ist es wichtig, dass Diskussionen nicht so schnell abgebrochen werden, auch wenn eigentlich ein anderes Thema dran wäre. """;1;0
fps-re_9_2_3;"""Unsere Lehrkraft nimmt meine Vorstellungen über Gott oder religiöse Themen ernst. """;1;0
fps-re_9_2_4;"""Unsere Lehrkraft achtet darauf, dass  in Diskussionen über religiöse Themen niemand wegen seiner Vorstellungen ausgelacht wird. """;1;0
fps-re_9_2_5;"""Die Gespräche im Religionsunterricht helfen mir, eine eigene Meinung zu religiösen Themen zu finden. """;1;0
fps-re_9_2_6;"""Die Diskussionen und Gespräche im Religionsunterricht helfen mir, religiöse Themen aus unterschiedlichen Blickwinkeln zu betrachten. """;1;0
fps-re_9_2_7;"""In unserem Religionsunterricht gibt es immer wieder gute Gespräche, über die ich auch später noch nachdenke. """;1;0
fps-re_9_2_8;"""Unsere Lehrkraft weicht auch mal von ihrem Plan im Unterricht ab, wenn es Bedarf an Diskussion gibt. """;1;0
fps-re_9_3;"""Interreligiöses Lernen""";0;0
fps-re_9_3_1;"""Unsere Lehrkraft hilft mir, mich besser in Menschen mit einem anderen Glauben zu versetzen. """;0;0
fps-re_9_3_2;"""Im Religionsunterricht lernen wir die Sichtweisen von Menschen kennen, die anders glauben. """;1;0
fps-re_9_3_3;"""Durch den Religionsunterricht habe ich herausgefunden, was mich mit anderen Religionen und Glaubensweisen verbindet. """;0;0
fps-re_9_3_4;"""Durch den Religionsunterricht habe ich herausgefunden, was mir an anderen Religionen und Glaubensweisen schwerfällt zu akzeptieren. """;1;0
fps-re_9_3_5;"""Im Religionsunterricht sprechen wir auch manchmal mit Menschen anderer Religionen und Glaubensweisen. """;1;0
fps-re_9_4;"""Subjektorientierung""";0;0
fps-re_9_4_1;"""Im Religionsunterricht habe ich das Gefühl, dass ich als Person wichtig bin. """;0;0
fps-re_9_4_2;"""Durch den Religionsunterricht kann ich mit schwierigen Lebensfragen besser umgehen. """;1;0
fps-re_9_4_3;"""Im Religionsunterricht können wir auch mal die dunklen Seiten unseres Lebens ansprechen. """;0;0
fps-re_9_4_4;"""Im Religionsunterricht unserer Lehrkraft kann jeder offen über seinen persönlichen Glauben oder Nicht-Glauben reden. """;1;0
fps-re_9_5;"""Religiöse Deutungsangebote wahrnehmen und darüber entscheiden""";0;0
fps-re_9_5_1;"""Durch den Religionsunterricht unserer Lehrkraft habe ich nun mehr Gewissheit darüber, warum ich religiöse Dinge tue oder auch nicht tue. (Beispiele: Gottesdienst, christliche Jugendgruppe oder Freizeiten besuchen, christliche Lieder singen, für mich und für andere beten). """;1;0
fps-re_9_5_2;"""Durch den Religionsunterricht unserer Lehrkraft wird mir klar, wo mir Religion und Religiöses in meinem Alltag begegnet. """;0;0
fps-re_9_6;"""Seelsorge""";0;0
fps-re_9_6_1;"""Unsere Religionslehrkraft hat immer ein offenes Ohr für uns. """;1;0
fps-re_9_6_2;"""Meiner Religionslehrkraft kann ich mich auch mit schwierigen Fragen  anvertrauen. """;0;0
aes-la_8;"""Ästhetik Latein""";0;0
aes-la_8_1;"""Ästhetisch-emotionales Er- und Vorleben""";0;0
aes-la_8_1_1;"""Ich spüre manchmal, wie begeistert unsere Lehrkraft ist, wenn sie mit uns über bestimmte Inhalte des Lateinunterrichts (z. B. römischer Alltag, Götterwelt und Sagen, Grammatik, Literatur) spricht.""";0;0
aes-la_8_1_2;"""Im Unterricht bin ich manchmal so in das Stundenthema vertieft, dass die Stunde viel schneller als sonst vergeht.""";1;0
aes-la_8_1_3;"""Unsere Lehrkraft schildert gelegentlich, welche Gefühle die Beschäftigung mit lateinischen Texten oder der Besuch antiker Stätten (z. B. Forum Romanum) in ihr ausgelöst haben.""";1;0
aes-la_8_2;"""Freiräume für ästhetisch-emotionale Erfahrungen""";0;0
aes-la_8_2_1;"""Unsere Lehrkraft stellt uns im Unterricht lateinische Texte vor, die angenehme oder unangenehme Gefühle in mir auslösen.""";1;0
aes-la_8_2_2;"""Unsere Lehrkraft gibt mir genug Zeit, mich mit lateinischen Texten und deren Inhalten zu beschäftigen, die mich irgendwie beeindrucken.""";1;0
aes-la_8_2_3;"""Unsere Lehrkraft schafft eine angenehme Atmosphäre, so dass ich mich traue, auch über meine eigenen Eindrücke zu lateinischen Texten und deren Inhalten zu sprechen.""";0;0
aes-la_8_2_4;"""Unsere Lehrkraft ist an unseren eigenen Eindrücken zu lateinischen Texten und deren Inhalten ernsthaft interessiert.""";1;0
aes-la_8_3;"""Schaffung ästhetischer Handlungsanlässe""";0;0
aes-la_8_3_1;"""Im Unterricht stellt uns die Lehrkraft Fragen zu unseren eigenen Eindrücken und Empfindungen bei einem bestimmten Thema.""";1;0
aes-la_8_3_2;"""Ich finde, unsere Lehrkraft achtet meine Vorlieben bei unserer Beschäftigung mit lateinischen Texten und deren Inhalten.""";0;0
aes-la_8_3_3;"""Unsere Lehrkraft ermuntert uns, über unsere Empfindungen bei bestimmten Stundenthemen zu sprechen.""";1;0
aes-la_8_3_4;"""Unsere Lehrkraft fördert unseren kreativen Umgang mit Themen des Unterrichts.""";0;0
aes-la_8_3_5;"""Im Unterricht können wir auch immer wieder Textstellen neu erschließen, hierfür neue Übersetzungsmöglichkeiten (z. B. im Dialekt) erstellen oder diese szenisch darstellen (z. B. als Theaterstück).""";1;0
aes-la_8_3_6;"""Unsere Lehrkraft lässt uns Themen der Unterrichtsstunde manchmal eigenständig weiterentwickeln.""";1;0
aes-la_8_3_7;"""Im Unterricht kann ich auch darüber sprechen, dass lateinische Texte und deren Inhalte bei mir bestimmte Gefühle auslösen.""";1;0
aes-la_8_4;"""Veränderungen infolge ästhetischer Erfahrung""";0;0
aes-la_8_4_1;"""Einige lateinische Texte und deren Inhalte (z. B. Sagen und Götterwelt, Geschichte der Römer) haben mich im Unterricht so beeindruckt, dass ich mich nun auch in meiner Freizeit gerne damit beschäftige.""";1;0
aes-la_8_4_2;"""Über bestimmte Themen (z. B. Sklaverei, Stellung der Frau) empfinde ich anders, nachdem wir im Unterricht darüber gesprochen haben.""";0;0
aes-la_8_4_3;"""Bei bestimmten Beispielen im Unterricht (z. B. Gladiatorenkämpfe, Kriegsdarstellungen, Statuen und Mosaike) verstehe ich nicht, wie diese jemandem gefallen können.""";1;0
aes-la_8_4_4;"""Seitdem wir im Unterricht über gewisse lateinische Texte gesprochen haben, verbinde ich damit ein bestimmtes Gefühl.""";1;0
aes-la_8_4_5;"""Unsere Lehrkraft behandelt im Unterricht manchmal Themen mit uns, die mich über mich selbst nachdenken lassen.""";1;0
aes-la_8_5;"""Bewusstsein für Beeinflussung und Gefahren ästhetischer Erfahrung""";0;0
aes-la_8_5_1;"""Ich habe das Gefühl, unsere Lehrkraft möchte, dass ich dasselbe denke oder dasselbe gut finde wie sie.""";0;1
aes-la_8_5_2;"""Ich habe das Gefühl, dass ich bei einem bestimmten Unterrichtsthema etwas fühlen soll, was ich aber gar nicht tue.""";1;1
aes-la_8_5_3;"""Im Unterricht dürfen wir alle unsere freie Meinung äußern, aufgeschrieben wird aber diejenige unserer Lehrkraft.""";1;1
aes-la_8_5_4;"""Ich habe das Gefühl, dass unsere Lehrkraft mir ihre Vorlieben bei der Beschäftigung mit lateinischen Texten und deren Inhalten aufzwingen möchte.""";1;1
fps-la_9;"""fachspezifische Items Latein""";0;0
fps-la_9_1;"""Fremdheitserfahrung""";0;0
fps-la_9_1_1;"""Im Unterricht lerne ich fremde Lebenswelten kennen.""";1;0
fps-la_9_1_2;"""Der Unterricht eröffnet mir oftmals eine neue Sicht auf (bekannte) Dinge. """;0;0
fps-la_9_1_3;"""Im Unterricht gibt es häufig Gelegenheiten, den Blickwinkel anderer Personen einzunehmen.""";1;0
fps-la_9_1_4;"""Unsere Lehrkraft ermutigt uns, selbstständig Gemeinsamkeiten und Unterschiede zwischen unserer und fremden Lebenswelten zu finden.""";1;0
fps-la_9_1_5;"""Unsere Lehrkraft macht uns immer wieder darauf aufmerksam, dass Menschen in der Antike anders über bestimmte Dinge dachten als heute.""";1;0
fps-la_9_1_6;"""Im Unterricht betrachten wir kritisch, wie die Römer über andere Völker dachten und mit ihnen umgingen.""";1;0
fps-la_9_2;"""Verwendung der Sprache als Reflexionsgegenstand""";0;0
fps-la_9_2_1;"""Unsere Lehrkraft vergleicht Latein immer wieder mit anderen Sprachen (z. B. Deutsch, Englisch, Französisch).""";0;0
fps-la_9_2_2;"""Im Unterricht sprechen wir oft darüber, wie die unterschiedlichen Bedeutungen eines lateinischen Worts zustande kommen.""";1;0
fps-la_9_2_3;"""Im Unterricht sprechen wir oft darüber, wie die unterschiedlichen Bedeutungen eines lateinischen Worts zustande kommen.""";1;0
fps-la_9_2_4;"""Im Unterricht führen wir deutsche Wörter, wenn möglich, auf ihren lateinischen Ursprung zurück.""";0;0
fps-la_9_2_5;"""Unsere Lehrkraft weist regelmäßig darauf hin, dass wir Fachbegriffe wie Kasus, Subjekt oder Adjektiv, die wir im Unterricht lernen, auch auf andere Sprachen anwenden können.""";1;0
fps-la_9_2_6;"""Beim Übersetzen aus dem Lateinischen bemerke ich oft, wie viele Möglichkeiten es gibt, etwas auszudrücken. """;1;0
fps-la_9_3;"""Aktiver Gebrauch der Sprache als Kommunikationsmedium""";0;0
fps-la_9_3_1;"""Unsere Lehrkraft gibt Arbeitsanweisungen auf Lateinisch. """;1;0
fps-la_9_3_2;"""Unsere Lehrkraft gibt (einfache) Antworten auf Lateinisch.""";1;0
fps-la_9_3_3;"""Unserer Lehrkraft ist es wichtig, dass wir lateinische Texte laut vorlesen.""";1;0
fps-la_9_4;"""Auswahl und Berücksichtigung bedeutsamer Rezeptionsdokumente""";0;0
fps-la_9_4_1;"""Im Unterricht beschäftigen wir uns immer wieder mit Bauwerken, Texten oder Kunstgegenständen, die auf antike Vorbilder zurückgehen.""";1;0
fps-la_9_4_2;"""Im Unterricht lerne ich auch Kunst und Literatur kennen, die nach der Antike entstanden ist.""";1;0
fps-la_9_4_3;"""Im Unterricht betrachten und bestimmen wir oft antike Einflüsse auf Kunstwerke und Literatur der Gegenwart.""";0;0
fps-la_9_5;"""Kritische Reflexion über die gegenwärtige (und zukünftige) kulturelle wie auch gesellschaftliche Relevanz des Fachs""";0;0
fps-la_9_5_1;"""Unsere Lehrkraft betont ständig, dass Latein auch heute noch wichtig ist.""";1;1
fps-la_9_5_2;"""Im Unterricht hinterfragen wir, welche Bedeutung die Antike heute noch für uns hat. """;1;0
fps-la_9_5_3;"""Mit unserer Lehrkraft haben wir noch nie diskutiert, warum wir heute noch Latein lernen.""";1;1
fps-la_9_5_4;"""Im Unterricht denken wir auch darüber nach, welchen Nutzen es hat, Latein zu lernen. """;0;0
fps-la_9_6;"""Zeitintensive, stark fokussierte und analytisch genaue Betrachtung von Fachinhalten""";0;0
fps-la_9_6_1;"""Im Unterricht betrachten wir Texte, einzelne Sätze, bestimmte Wörter und deren Endungen immer ganz genau.""";1;0
fps-la_9_6_2;"""Unsere Lehrkraft fordert uns auf, über die Bedeutung von Wörtern genau nachzudenken.""";1;0
fps-la_9_6_3;"""In einer Stunde schaffen wir manchmal nur einen einzigen Satz. """;1;0
fps-la_9_6_4;"""Im Unterricht fällt es schwer, den Zusammenhang eines Texts zu erkennen, weil dieser nur in kurzen Abschnitten gelesen wird.""";1;1
fps-la_9_6_5;"""Im Unterricht lesen wir wenige Sätze. Dann besprechen wir deren Inhalt ausführlich. """;0;0
fps-la_9_6_6;"""Wir diskutieren häufig, wie ein bestimmtes lateinisches Wort oder ein Satzteil zu verstehen ist. """;0;0
fps-la_9_7;"""Regelmäßige Aktualitätsbezüge zur Lebenswelt der Schüler*innen""";0;0
fps-la_9_7_1;"""Unsere Lehrkraft vergleicht häufig aktuelle Ereignisse (z. B. in Gesellschaft, Politik) mit Ereignissen bei den Römern.""";0;0
fps-la_9_7_2;"""Unsere Lehrkraft zeigt uns regelmäßig an Beispielen, wie die Antike unsere Lebenswelt noch heute beeinflusst.""";1;0
fps-la_9_8;"""Förderung einer Faszination an Latein""";0;0
fps-la_9_8_1;"""Unsere Lehrkraft weckt mein Interesse an der Antike.""";1;0
fps-la_9_8_2;"""Unsere Lehrkraft kann mich häufig für Inhalte des Lateinunterrichts begeistern.""";0;0
fps-la_9_8_3;"""Unsere Lehrkraft stellt Inhalte so dar, dass ich mich gerne auch außerhalb des Unterrichts damit beschäftige.""";1;0
aes-ma_8;"""Ästhetik Mathematik""";0;0
aes-ma_8_1;"""Ästhetisch-emotionales Er- und Vorleben""";0;0
aes-ma_8_1_1;"""Ich spüre manchmal, wie begeistert unsere Lehrkraft ist, wenn sie mit uns über Mathematik spricht.""";0;0
aes-ma_8_1_2;"""Im Unterricht bin ich manchmal so in das Stundenthema vertieft, dass die Stunde viel schneller als sonst vergeht.""";1;0
aes-ma_8_1_3;"""Unsere Lehrkraft schildert gelegentlich, welche Gefühle mathematische Themen, Ideen oder Darstellungen in ihr ausgelöst haben.""";1;0
aes-ma_8_2;"""Freiräume für ästhetisch-emotionale Erfahrungen""";0;0
aes-ma_8_2_1;"""Unsere Lehrkraft stellt uns im Unterricht mathematische Themen, Ideen oder Darstellungen vor, die angenehme oder unangenehme Gefühle in mir auslösen.""";1;0
aes-ma_8_2_2;"""Unsere Lehrkraft gibt mir genug Zeit, mich mit mathematischen Themen, Ideen oder Darstellungen zu beschäftigen, die mich irgendwie beeindrucken.""";1;0
aes-ma_8_2_3;"""Unsere Lehrkraft schafft eine angenehme Atmosphäre, so dass ich mich traue, auch über meine eigenen Eindrücke zu mathematischen Themen, Ideen oder Darstellungen zu sprechen.""";0;0
aes-ma_8_2_4;"""Unsere Lehrkraft ist an unseren eigenen Eindrücken zu mathematischen Themen, Ideen oder Darstellungen ernsthaft interessiert.""";1;0
aes-ma_8_3;"""Schaffung ästhetischer Handlungsanlässe""";0;0
aes-ma_8_3_1;"""Im Unterricht stellt uns unsere Lehrkraft Fragen zu unseren eigenen Eindrücken und Empfindungen bei einem bestimmten Thema.""";1;0
aes-ma_8_3_2;"""Ich finde, unsere Lehrkraft achtet meine inhaltlichen Vorlieben in Mathematik.""";0;0
aes-ma_8_3_3;"""Unsere Lehrkraft ermuntert uns, über unsere Empfindungen bei bestimmten Stundenthemen zu sprechen.""";1;0
aes-ma_8_3_4;"""Unsere Lehrkraft fördert unseren kreativen Umgang mit Themen des Unterrichts.""";0;0
aes-ma_8_3_5;"""Im Unterricht können wir immer wieder auch neue mathematische Fragestellungen entdecken, neue Lösungsansätze erarbeiten oder neue Beweismöglichkeiten und Darstellungsarten erfinden.""";1;0
aes-ma_8_3_6;"""Unsere Lehrkraft lässt uns Themen der Unterrichtsstunde manchmal eigenständig weiterentwickeln.""";1;0
aes-ma_8_3_7;"""Im Unterricht kann ich auch darüber sprechen, dass ein mathematisches Thema, eine Idee oder Darstellungsweise bei mir bestimmte Gefühle auslöst.""";1;0
aes-ma_8_4;"""Veränderungen infolge ästhetischer Erfahrung""";0;0
aes-ma_8_4_1;"""Ein mathematisches Thema, eine Idee oder Darstellungsweise hat mich im Unterricht so beeindruckt, dass ich mich nun auch in meiner Freizeit gerne damit beschäftige.""";1;0
aes-ma_8_4_2;"""Über bestimmte Themen empfinde ich anders, nachdem wir im Unterricht darüber gesprochen haben.""";0;0
aes-ma_8_4_3;"""Bei bestimmten mathematischen Symbolen oder Darstellungen (z. B. wichtige Formeln, geometrische Figuren, Graphen von Funktionen) verstehe ich nicht, wie diese jemandem gefallen können.""";1;0
aes-ma_8_4_4;"""Seitdem wir im Unterricht über ein bestimmtes mathematisches Thema, eine Idee oder Darstellung gesprochen haben, verbinde ich damit ein bestimmtes Gefühl.""";1;0
aes-ma_8_4_5;"""Unsere Lehrkraft behandelt im Unterricht manchmal Themen mit uns, die mich über mich selbst nachdenken lassen.""";1;0
aes-ma_8_4_6;"""Unsere Lehrkraft zeigt uns immer wieder auf, dass man die Welt durch Mathematik anders wahrnehmen kann.""";1;0
aes-ma_8_4_7;"""Unsere Lehrkraft zeigt uns immer wieder auf, inwiefern mathematische Erkenntnisse Maler, Musiker oder auch Architekten beeinflusst haben und beeinflussen.""";1;0
aes-ma_8_4_8;"""Im Unterricht behandeln wir immer wieder Themen, die mich die Welt danach mit anderen Augen sehen lassen.""";1;0
aes-ma_8_5;"""Bewusstsein für Beeinflussung und Gefahren ästhetischer Erfahrung""";0;0
aes-ma_8_5_1;"""Ich habe das Gefühl, unsere Lehrkraft möchte, dass ich dasselbe denke oder dasselbe gut finde wie sie.""";0;1
aes-ma_8_5_2;"""Ich habe das Gefühl, dass ich bei einem bestimmten Unterrichtsthema etwas fühlen soll, was ich aber gar nicht tue.""";1;1
aes-ma_8_5_3;"""Im Unterricht dürfen wir alle unsere freie Meinung äußern, aufgeschrieben wird aber diejenige unserer Lehrkraft.""";1;1
aes-ma_8_5_4;"""Ich habe das Gefühl, dass unsere Lehrkraft mir ihre Vorlieben in Mathematik aufzwingen möchte.""";1;1
fps-ma_9;"""fachspezifische Items Mathematik""";0;0
fps-ma_9_1;"""Fremdheitserfahrung""";0;0
fps-ma_9_1_1;"""Im Unterricht lerne ich fremde Lebenswelten kennen.""";1;0
fps-ma_9_1_2;"""Der Unterricht eröffnet mir oftmals eine neue Sicht auf (bekannte) Dinge. """;0;0
fps-ma_9_1_3;"""Im Unterricht gibt es häufig Gelegenheiten, den Blickwinkel anderer Personen einzunehmen.""";1;0
fps-ma_9_1_4;"""Unsere Lehrkraft ermutigt uns, selbstständig Gemeinsamkeiten und Unterschiede zwischen unserer und fremden Lebenswelten zu finden. """;1;0
fps-ma_9_2;"""Modellierung""";0;0
fps-ma_9_2_1;"""Unsere Lehrkraft stellt häufig Aufgaben (zu Alltagssituationen), bei denen wir selbst herausfinden müssen, welche der gegebenen Informationen wichtig sind.""";1;0
fps-ma_9_2_2;"""Unsere Lehrkraft stellt immer wieder Aufgaben (zu Alltagssituationen), bei denen wir selbst herausfinden müssen, ob und welche Informationen fehlen.""";1;0
fps-ma_9_2_3;"""Im Unterricht beschreiben wir Alltagssituationen oftmals mithilfe mathematischer Darstellungen (wie z. B. Skizze, Graph, Term, Gleichung).""";1;0
fps-ma_9_2_4;"""Unserer Lehrkraft ist es wichtig, dass wir lernen zu erkennen, dass sich viele Probleme des Alltags mithilfe von Mathematik beschreiben lassen.""";1;0
fps-ma_9_2_5;"""Im Unterricht macht uns die Lehrkraft häufig vor, wie sie Alltagssituationen Schritt für Schritt in mathematische Darstellungen (z. B. Skizzen, Terme) überführt.""";1;0
fps-ma_9_2_6;"""Unsere Lehrkraft gibt uns Tipps, wie wir selbstständig Alltagssituationen mithilfe von Mathematik beschreiben können.""";1;0
fps-ma_9_2_7;"""Unsere Lehrkraft fragt uns bei Aufgaben zu Alltagssituationen immer wieder, was unsere (mathematischen) Lösungen bezogen auf diese Situationen bedeuten.""";1;0
fps-ma_9_2_8;"""Unsere Lehrkraft fordert uns dazu auf, bei Aufgaben zu Alltagssituationen immer zu überprüfen, ob unsere Lösungen bezogen auf diese Situationen sinnvoll sind.""";1;0
fps-ma_9_2_9;"""Im Unterricht üben wir immer wieder, wie man Probleme des Alltags in die Welt der Mathematik überführen kann.""";1;0
fps-ma_9_3;"""(Historische) Kontextualisierung""";0;0
fps-ma_9_3_1;"""Unserer Lehrkraft ist es wichtig, uns auch Grenzen der (Schul-)Mathematik vor Augen zu führen.""";0;0
fps-ma_9_3_2;"""Im Unterricht beschäftigen wir uns nicht nur mit mathematischen Inhalten, sondern auch damit, welche Frage- und Problemstellungen im Verlauf der Geschichte zur Entdeckung dieser Inhalte führten.""";0;0
fps-ma_9_3_3;"""Unsere Lehrkraft nutzt auch Beispiele aus der Geschichte der Mathematik, um uns zu zeigen, welche Bedeutung bestimmte mathematische Fragestellungen und Entdeckungen haben.""";1;0
fps-ma_9_4;"""Gendersensibler Unterricht""";0;0
fps-ma_9_4_1;"""Ich habe das Gefühl, dass unsere Lehrkraft Jungen in Mathematik mehr zutraut.""";1;1
fps-ma_9_4_2;"""Unsere Lehrkraft vermittelt den Eindruck, dass jeder in Mathematik gut sein kann.""";0;0
fps-ma_9_4_3;"""Ich habe das Gefühl, unsere Lehrkraft ist davon überzeugt, dass Leistungen in Mathematik nicht vom Geschlecht abhängen.""";0;0
fps-ma_9_4_4;"""Unsere Lehrkraft fördert Jungen im Unterricht besonders.""";1;1
fps-ma_9_4_5;"""Unsere Lehrkraft fördert Mädchen im Unterricht besonders. """;1;1
fps-ma_9_4_6;"""Unsere Lehrkraft vermittelt den Eindruck, dass Jungen Mathematik einfach besser können als Mädchen.""";1;1
fps-ma_9_5;"""Sinnvolle Nutzung (digitaler) Medien""";0;0
fps-ma_9_5_1;"""Unsere Lehrkraft verwendet im Unterricht digitale Geräte oder Programme (z. B. GeoGebra, Cinderella, CAS-Taschenrechner), um bestimmte Inhalte zu veranschaulichen.""";1;0
fps-ma_9_5_2;"""Im Unterricht benutzen wir immer wieder digitale Geräte oder Programme (z. B. GeoGebra, Cinderella, CAS-Taschenrechner), um neue Inhalte selbstständig zu erarbeiten.""";1;0
fps-ma_9_5_3;"""Im Unterricht sollen wir immer wieder digitale Geräte oder Programme (z. B. GeoGebra, Cinderella, CAS-Taschenrechner) nutzen, um Aufgaben zu bearbeiten.""";1;0
fps-ma_9_5_4;"""Digitale Geräte oder Programme (z. B. GeoGebra, Cinderella, CAS-Taschenrechner) verwenden wir im Unterricht nie.""";1;1
fps-ma_9_5_5;"""Unserer Lehrkraft ist es wichtig, digitale Geräte oder Programme (z. B. GeoGebra, Cinderella, CAS-Taschenrechner) so einzusetzen, dass wir mathematische Inhalte und Zusammenhänge besser verstehen.""";1;0
fps-ma_9_5_6;"""Unsere Lehrkraft gibt uns immer wieder Hinweise, wie wir digitale Geräte oder Programme (z. B. GeoGebra, Cinderella, CAS-Taschenrechner) sinnvoll einsetzen können, um mathematische Aufgaben zu lösen.""";1;0
fps-ma_9_5_7;"""Im Unterricht verwenden wir für einfache Rechen- und Zeichenschritte digitale Hilfsmittel (z. B. GeoGebra, Cinderella, CAS-Taschenrechner). So können wir uns mit mathematischen Inhalten und Zusammenhängen selbst genauer beschäftigen.""";1;0
aes-mu_8;"""Ästhetik Musik""";0;0
aes-mu_8_1;"""Ästhetisch-emotionales Er- und Vorleben""";0;0
aes-mu_8_1_1;"""Ich spüre manchmal, wie begeistert unsere Lehrkraft ist, wenn sie mit uns über Musik spricht.""";0;0
aes-mu_8_1_2;"""Im Unterricht bin ich manchmal so in das Stundenthema vertieft, dass die Stunde viel schneller als sonst vergeht.""";1;0
aes-mu_8_1_3;"""Unsere Lehrkraft schildert, welche Gefühle bestimmte Musik in ihr ausgelöst hat.""";1;0
aes-mu_8_2;"""Freiräume für ästhetisch-emotionale Erfahrungen""";0;0
aes-mu_8_2_1;"""Unsere Lehrkraft lässt uns im Unterricht Musik anhören, welche angenehme oder unangenehme Gefühle in mir auslösen.""";1;0
aes-mu_8_2_2;"""Unsere Lehrkraft gibt mir genug Zeit, mich mit Musik zu beschäftigen, die mich irgendwie beeindruckt.""";1;0
aes-mu_8_2_3;"""Unsere Lehrkraft schafft eine Atmosphäre, so dass ich mich traue, auch über meine eigenen Eindrücke zu bestimmter Musik zu sprechen.""";0;0
aes-mu_8_2_4;"""Unsere Lehrkraft ist an unseren eigenen Eindrücken zu Musik ernsthaft interessiert.""";1;0
aes-mu_8_3;"""Schaffung ästhetischer Handlungsanlässe""";0;0
aes-mu_8_3_1;"""Im Unterricht stellt uns unsere Lehrkraft Fragen zu unseren eigenen Eindrücken und Empfindungen bei einem bestimmten Thema.""";1;0
aes-mu_8_3_2;"""Ich finde, unsere Lehrkraft achtet meine Vorlieben in Musik.""";0;0
aes-mu_8_3_3;"""Unsere Lehrkraft ermuntert uns, über unsere Empfindungen bei bestimmten Stundenthemen zu sprechen.""";1;0
aes-mu_8_3_4;"""Unsere Lehrkraft fördert unseren kreativen Umgang mit Themen des Unterrichts.""";0;0
aes-mu_8_3_5;"""Im Unterricht können wir eigene Musik erfinden oder neue Texte schreiben.""";1;0
aes-mu_8_3_6;"""Unsere Lehrkraft lässt uns Themen der Unterrichtsstunde manchmal eigenständig weiterentwickeln.""";1;0
aes-mu_8_3_7;"""Im Unterricht kann ich auch darüber sprechen, dass bestimmte Musik bei mir bestimmte Gefühle auslöst.""";1;0
aes-mu_8_4;"""Veränderungen infolge ästhetischer Erfahrung""";0;0
aes-mu_8_4_1;"""Musikbeispiele im Unterricht haben mich so beeindruckt, dass ich diese nun auch in meiner Freizeit gerne anhöre.""";1;0
aes-mu_8_4_2;"""Über bestimmte Themen empfinde ich anders, nachdem wir im Unterricht darüber gesprochen haben.""";0;0
aes-mu_8_4_3;"""Bei bestimmten Hörbeispielen im Musikunterricht verstehe ich nicht, wie diese jemandem gefallen können.""";1;0
aes-mu_8_4_4;"""Seitdem wir im Unterricht über ein Hörbeispiel gesprochen haben, verbinde ich mit dieser Musik ein bestimmtes Gefühl.""";1;0
aes-mu_8_4_5;"""Unsere Lehrkraft behandelt im Unterricht manchmal Themen mit uns, die mich über mich selbst nachdenken lassen.""";1;0
aes-mu_8_5;"""Bewusstsein für Beeinflussung und Gefahren ästhetischer Erfahrung""";0;0
aes-mu_8_5_1;"""Ich habe das Gefühl, unsere Lehrkraft möchte, dass ich dasselbe denke oder dasselbe gut finde wie sie.""";0;1
aes-mu_8_5_2;"""Ich habe das Gefühl, dass ich bei einem bestimmten Unterrichtsthema etwas fühlen soll, was ich aber gar nicht tue.""";1;1
aes-mu_8_5_3;"""Im Unterricht dürfen wir alle unsere freie Meinung äußern, aufgeschrieben wird aber diejenige unserer Lehrkraft. """;1;1
aes-mu_8_5_4;"""Ich habe das Gefühl, dass unsere Lehrkraft mir ihre Vorlieben in Musik aufzwingen möchte.""";1;1
fps-mu_9;"""fachspezifische Items Musik""";0;0
fps-mu_9_1;"""Fremdheitserfahrung""";0;0
fps-mu_9_1_1;"""Im Unterricht lerne ich fremde Lebenswelten kennen.""";0;0
fps-mu_9_1_2;"""Der Unterricht eröffnet mir oftmals eine neue Sicht auf (bekannte) Dinge. """;1;0
fps-mu_9_1_3;"""Der Unterricht eröffnet mir oftmals eine neue Sicht auf (bekannte) Dinge. """;0;0
fps-mu_9_1_4;"""Im Unterricht gibt es häufig Gelegenheiten, den Blickwinkel anderer Personen einzunehmen.""";1;0
fps-mu_9_1_5;"""Unsere Lehrkraft ermutigt uns, selbstständig Gemeinsamkeiten und Unterschiede zwischen unserer und fremden Lebenswelten zu finden. """;1;0
fps-mu_9_1_6;"""Im Unterricht hören wir Musikrichtungen, die mir bisher fremd waren.""";1;0
fps-mu_9_2;"""Musizieren und sinnvoller Einsatz von musik. Instrumentarium""";0;0
fps-mu_9_2_1;"""Wenn wir mit Instrumenten musizieren, klingt es gut, auch wenn es nicht wie das Original klingt.""";0;0
fps-mu_9_2_2;"""Wenn wir mit Instrumenten musizieren, gibt es immer etwas, was ich gut spielen kann.""";0;0
fps-mu_9_2_3;"""Das Singen oder Musizieren im Unterricht hilft mir, Musiktheorie besser zu verstehen.""";1;0
fps-mu_9_2_4;"""Im Unterricht erfinden wir manchmal auch Musik.""";1;0
fps-mu_9_3;"""Bewahrung der Würde/ Umgang mit Fehlern""";0;0
fps-mu_9_3_1;"""Unsere Lehrkraft lässt mich selbst entscheiden, ob ich beim Musizieren in der Klasse etwas alleine vorführe.""";0;0
fps-mu_9_3_2;"""Ich muss im Unterricht etwas vormachen, obwohl mir das peinlich ist.""";1;1
fps-mu_9_3_3;"""Wir müssen im Unterricht einzeln vorsingen / vormusizieren.""";1;1
fps-mu_9_4;"""Raum- und Materialmanagement""";0;0
fps-mu_9_4_1;"""Beim Musizieren in der Klasse haben wir Regeln, wie mit den Instrumenten umgegangen wird.""";0;0
fps-mu_9_4_2;"""Unsere Lehrkraft kann uns gut zeigen, wie wir die Musikinstrumente verwenden sollen.""";0;0
fps-mu_9_4_3;"""Wenn wir mit Instrumenten gemeinsam musizieren, hat unsere Lehrkraft diese schon vorbereitet.""";1;0
fps-mu_9_4_4;"""Unsere Lehrkraft weiß genau, wie Musikinstrumente eingesetzt werden können.""";1;0
fps-mu_9_4_5;"""Wenn wir gemeinsam mit Instrumenten musizieren, muss unsere Lehrkraft die Instrumente nicht lange suchen.""";1;0
fps-mu_9_5;"""Kognitiv-motorische Aktivierung""";0;0
fps-mu_9_5_1;"""Im Unterricht üben wir, wie wir uns zu einer bestimmten Musik bewegen können.""";1;0
fps-mu_9_5_2;"""Unsere Lehrkraft gibt uns regelmäßig Gelegenheiten, Bewegungen zur Musik oder das Spielen auf Instrumenten gut üben zu können.""";0;0
fps-mu_9_5_3;"""Im Unterricht machen wir auch mit unserem Körper Musik (z. B. durch Klatschen, Stampfen, Schnipsen, Ö).""";0;0
fps-mu_9_5_4;"""Im Unterricht dürfen wir uns eigenständig zu einer bestimmten Musik bewegen.""";1;0
fps-mu_9_5_5;"""Im Unterricht machen wir auch immer wieder mit einfachen Gegenständen Musik (z. B. Stifte, Becher, Ö).""";1;0
fps-mu_9_6;"""Auswahl und Berücksichtigung bedeutsamer Inhalte bzw. Lerngegenstände, um die existente musikalische Vielfalt aufzuzeigen""";0;0
fps-mu_9_6_1;"""Musik, die ich selbst gerne höre oder mache, kommt auch im Unterricht vor.""";0;0
fps-mu_9_6_2;"""Im Unterricht hören wir hauptsächlich klassische Musik.""";1;1
fps-mu_9_6_3;"""Im Unterricht hören wir hauptsächlich Popmusik.""";1;1
fps-mu_9_6_4;"""Im Unterricht hören wir sowohl klassische als auch Popmusik.""";1;0
fps-mu_9_7;"""Aktive Beteiligung""";0;0
fps-mu_9_7_1;"""Im Unterricht habe ich oft die Gelegenheit, Instrumente auszuprobieren.""";0;0
fps-mu_9_7_2;"""Im Unterricht habe ich oft die Gelegenheit, gemeinsam mit der Klasse zu singen.""";1;0
fps-mu_9_7_3;"""Unsere Lehrkraft achtet darauf, dass beim Klassenmusizieren jeder auf eine bestimmte Art mitmachen kann.""";0;0